providerName,resourceType,supportsTags
Microsoft.AAD,DomainServices,TRUE
Microsoft.AAD,DomainServices/oucontainer,FALSE
microsoft.aadiam,diagnosticSettings,FALSE
microsoft.aadiam,diagnosticSettingsCategories,FALSE
Microsoft.Addons,supportProviders,FALSE
Microsoft.ADHybridHealthService,aadsupportcases,FALSE
Microsoft.ADHybridHealthService,addsservices,FALSE
Microsoft.ADHybridHealthService,agents,FALSE
Microsoft.ADHybridHealthService,anonymousapiusers,FALSE
Microsoft.ADHybridHealthService,configuration,FALSE
Microsoft.ADHybridHealthService,logs,FALSE
Microsoft.ADHybridHealthService,reports,FALSE
Microsoft.ADHybridHealthService,services,FALSE
Microsoft.Advisor,configurations,FALSE
Microsoft.Advisor,generateRecommendations,FALSE
Microsoft.Advisor,recommendations,FALSE
Microsoft.Advisor,suppressions,FALSE
Microsoft.AlertsManagement,actionRules,FALSE
Microsoft.AlertsManagement,alerts,FALSE
Microsoft.AlertsManagement,alertsList,FALSE
Microsoft.AlertsManagement,alertsSummary,FALSE
Microsoft.AlertsManagement,alertsSummaryList,FALSE
Microsoft.AlertsManagement,smartDetectorAlertRules,FALSE
Microsoft.AlertsManagement,smartDetectorRuntimeEnvironments,FALSE
Microsoft.AlertsManagement,smartGroups,FALSE
Microsoft.AnalysisServices,servers,TRUE
Microsoft.ApiManagement,reportFeedback,FALSE
Microsoft.ApiManagement,service,TRUE
Microsoft.ApiManagement,validateServiceName,FALSE
Microsoft.Attestation,attestationProviders,FALSE
Microsoft.Authorization,classicAdministrators,FALSE
Microsoft.Authorization,denyAssignments,FALSE
Microsoft.Authorization,elevateAccess,FALSE
Microsoft.Authorization,locks,FALSE
Microsoft.Authorization,permissions,FALSE
Microsoft.Authorization,policyAssignments,FALSE
Microsoft.Authorization,policyDefinitions,FALSE
Microsoft.Authorization,policySetDefinitions,FALSE
Microsoft.Authorization,providerOperations,FALSE
Microsoft.Authorization,roleAssignments,FALSE
Microsoft.Authorization,roleDefinitions,FALSE
Microsoft.Automation,automationAccounts,TRUE
Microsoft.Automation,automationAccounts/configurations,TRUE
Microsoft.Automation,automationAccounts/jobs,FALSE
Microsoft.Automation,automationAccounts/runbooks,TRUE
Microsoft.Automation,automationAccounts/softwareUpdateConfigurations,FALSE
Microsoft.Automation,automationAccounts/webhooks,FALSE
Microsoft.Azure.Geneva,environments,FALSE
Microsoft.Azure.Geneva,environments/accounts,FALSE
Microsoft.Azure.Geneva,environments/accounts/namespaces,FALSE
Microsoft.Azure.Geneva,environments/accounts/namespaces/configurations,FALSE
Microsoft.AzureActiveDirectory,b2cDirectories,TRUE
Microsoft.AzureStack,registrations,TRUE
Microsoft.AzureStack,registrations/customerSubscriptions,FALSE
Microsoft.AzureStack,registrations/products,FALSE
Microsoft.Batch,batchAccounts,TRUE
Microsoft.Billing,billingAccounts,FALSE
Microsoft.Billing,billingAccounts/billingProfiles,FALSE
Microsoft.Billing,billingAccounts/billingProfiles/billingSubscriptions,FALSE
Microsoft.Billing,billingAccounts/billingProfiles/invoices,FALSE
Microsoft.Billing,billingAccounts/billingProfiles/invoices/pricesheet,FALSE
Microsoft.Billing,billingAccounts/billingProfiles/operationStatus,FALSE
Microsoft.Billing,billingAccounts/billingProfiles/paymentMethods,FALSE
Microsoft.Billing,billingAccounts/billingProfiles/policies,FALSE
Microsoft.Billing,billingAccounts/billingProfiles/pricesheet,FALSE
Microsoft.Billing,billingAccounts/billingProfiles/products,FALSE
Microsoft.Billing,billingAccounts/billingProfiles/transactions,FALSE
Microsoft.Billing,billingAccounts/billingSubscriptions,FALSE
Microsoft.Billing,billingAccounts/departments,FALSE
Microsoft.Billing,billingAccounts/eligibleOffers,FALSE
Microsoft.Billing,billingAccounts/enrollmentAccounts,FALSE
Microsoft.Billing,billingAccounts/invoices,FALSE
Microsoft.Billing,billingAccounts/invoiceSections,FALSE
Microsoft.Billing,billingAccounts/invoiceSections/billingSubscriptions,FALSE
Microsoft.Billing,billingAccounts/invoiceSections/billingSubscriptions/transfer,FALSE
Microsoft.Billing,billingAccounts/invoiceSections/importRequests,FALSE
Microsoft.Billing,billingAccounts/invoiceSections/initiateImportRequest,FALSE
Microsoft.Billing,billingAccounts/invoiceSections/initiateTransfer,FALSE
Microsoft.Billing,billingAccounts/invoiceSections/operationStatus,FALSE
Microsoft.Billing,billingAccounts/invoiceSections/products,FALSE
Microsoft.Billing,billingAccounts/invoiceSections/transfers,FALSE
Microsoft.Billing,billingAccounts/products,FALSE
Microsoft.Billing,billingAccounts/projects,FALSE
Microsoft.Billing,billingAccounts/projects/billingSubscriptions,FALSE
Microsoft.Billing,billingAccounts/projects/importRequests,FALSE
Microsoft.Billing,billingAccounts/projects/initiateImportRequest,FALSE
Microsoft.Billing,billingAccounts/projects/operationStatus,FALSE
Microsoft.Billing,billingAccounts/projects/products,FALSE
Microsoft.Billing,billingAccounts/transactions,FALSE
Microsoft.Billing,billingPeriods,FALSE
Microsoft.Billing,BillingPermissions,FALSE
Microsoft.Billing,billingProperty,FALSE
Microsoft.Billing,BillingRoleAssignments,FALSE
Microsoft.Billing,BillingRoleDefinitions,FALSE
Microsoft.Billing,CreateBillingRoleAssignment,FALSE
Microsoft.Billing,departments,FALSE
Microsoft.Billing,enrollmentAccounts,FALSE
Microsoft.Billing,importRequests,FALSE
Microsoft.Billing,importRequests/acceptImportRequest,FALSE
Microsoft.Billing,importRequests/declineImportRequest,FALSE
Microsoft.Billing,invoices,FALSE
Microsoft.Billing,transfers,FALSE
Microsoft.Billing,transfers/acceptTransfer,FALSE
Microsoft.Billing,transfers/declineTransfer,FALSE
Microsoft.Billing,transfers/operationStatus,FALSE
Microsoft.Billing,usagePlans,FALSE
Microsoft.BingMaps,mapApis,TRUE
Microsoft.BingMaps,updateCommunicationPreference,FALSE
Microsoft.BizTalkServices,BizTalk,TRUE
Microsoft.Blueprint,blueprintAssignments,FALSE
Microsoft.Blueprint,blueprintAssignments/assignmentOperations,FALSE
Microsoft.Blueprint,blueprintAssignments/operations,FALSE
Microsoft.Blueprint,blueprints,FALSE
Microsoft.Blueprint,blueprints/artifacts,FALSE
Microsoft.Blueprint,blueprints/versions,FALSE
Microsoft.Blueprint,blueprints/versions/artifacts,FALSE
Microsoft.BotService,botServices,TRUE
Microsoft.BotService,botServices/channels,FALSE
Microsoft.BotService,botServices/connections,FALSE
Microsoft.Cache,Redis,TRUE
Microsoft.Cache,RedisConfigDefinition,FALSE
Microsoft.Capacity,appliedReservations,FALSE
Microsoft.Capacity,calculatePrice,FALSE
Microsoft.Capacity,catalogs,FALSE
Microsoft.Capacity,commercialReservationOrders,FALSE
Microsoft.Capacity,reservationOrders,FALSE
Microsoft.Capacity,reservationOrders/calculateRefund,FALSE
Microsoft.Capacity,reservationOrders/merge,FALSE
Microsoft.Capacity,reservationOrders/reservations,FALSE
Microsoft.Capacity,reservationOrders/reservations/revisions,FALSE
Microsoft.Capacity,reservationOrders/return,FALSE
Microsoft.Capacity,reservationOrders/split,FALSE
Microsoft.Capacity,reservationOrders/swap,FALSE
Microsoft.Capacity,reservations,FALSE
Microsoft.Capacity,resources,FALSE
Microsoft.Capacity,validateReservationOrder,FALSE
Microsoft.Cdn,edgenodes,FALSE
Microsoft.Cdn,profiles,TRUE
Microsoft.Cdn,profiles/endpoints,TRUE
Microsoft.Cdn,profiles/endpoints/customdomains,FALSE
Microsoft.Cdn,profiles/endpoints/origins,FALSE
Microsoft.Cdn,validateProbe,FALSE
Microsoft.CertificateRegistration,certificateOrders,TRUE
Microsoft.CertificateRegistration,certificateOrders/certificates,FALSE
Microsoft.CertificateRegistration,validateCertificateRegistrationInformation,FALSE
Microsoft.ClassicCompute,capabilities,FALSE
Microsoft.ClassicCompute,domainNames,FALSE
Microsoft.ClassicCompute,domainNames/capabilities,FALSE
Microsoft.ClassicCompute,domainNames/internalLoadBalancers,FALSE
Microsoft.ClassicCompute,domainNames/serviceCertificates,FALSE
Microsoft.ClassicCompute,domainNames/slots,FALSE
Microsoft.ClassicCompute,domainNames/slots/roles,FALSE
Microsoft.ClassicCompute,moveSubscriptionResources,FALSE
Microsoft.ClassicCompute,operatingSystemFamilies,FALSE
Microsoft.ClassicCompute,operatingSystems,FALSE
Microsoft.ClassicCompute,quotas,FALSE
Microsoft.ClassicCompute,resourceTypes,FALSE
Microsoft.ClassicCompute,validateSubscriptionMoveAvailability,FALSE
Microsoft.ClassicCompute,virtualMachines,FALSE
Microsoft.ClassicCompute,virtualMachines/diagnosticSettings,FALSE
Microsoft.ClassicInfrastructureMigrate,classicInfrastructureResources,FALSE
Microsoft.ClassicNetwork,capabilities,FALSE
Microsoft.ClassicNetwork,expressRouteCrossConnections,FALSE
Microsoft.ClassicNetwork,expressRouteCrossConnections/peerings,FALSE
Microsoft.ClassicNetwork,gatewaySupportedDevices,FALSE
Microsoft.ClassicNetwork,networkSecurityGroups,FALSE
Microsoft.ClassicNetwork,quotas,FALSE
Microsoft.ClassicNetwork,reservedIps,FALSE
Microsoft.ClassicNetwork,virtualNetworks,FALSE
Microsoft.ClassicNetwork,virtualNetworks/remoteVirtualNetworkPeeringProxies,FALSE
Microsoft.ClassicNetwork,virtualNetworks/virtualNetworkPeerings,FALSE
Microsoft.ClassicStorage,capabilities,FALSE
Microsoft.ClassicStorage,disks,FALSE
Microsoft.ClassicStorage,images,FALSE
Microsoft.ClassicStorage,osImages,FALSE
Microsoft.ClassicStorage,osPlatformImages,FALSE
Microsoft.ClassicStorage,publicImages,FALSE
Microsoft.ClassicStorage,quotas,FALSE
Microsoft.ClassicStorage,storageAccounts,FALSE
Microsoft.ClassicStorage,storageAccounts/services,FALSE
Microsoft.ClassicStorage,storageAccounts/services/diagnosticSettings,FALSE
Microsoft.ClassicStorage,storageAccounts/vmImages,FALSE
Microsoft.ClassicStorage,vmImages,FALSE
Microsoft.CognitiveServices,accounts,TRUE
Microsoft.Commerce,RateCard,FALSE
Microsoft.Commerce,UsageAggregates,FALSE
Microsoft.Compute,availabilitySets,TRUE
Microsoft.Compute,disks,TRUE
Microsoft.Compute,images,TRUE
Microsoft.Compute,restorePointCollections,TRUE
Microsoft.Compute,restorePointCollections/restorePoints,FALSE
Microsoft.Compute,sharedVMImages,TRUE
Microsoft.Compute,sharedVMImages/versions,TRUE
Microsoft.Compute,snapshots,TRUE
Microsoft.Compute,virtualMachines,TRUE
Microsoft.Compute,virtualMachines/diagnosticSettings,FALSE
Microsoft.Compute,virtualMachines/extensions,TRUE
Microsoft.Compute,virtualMachineScaleSets,TRUE
Microsoft.Compute,virtualMachineScaleSets/extensions,FALSE
Microsoft.Compute,virtualMachineScaleSets/networkInterfaces,FALSE
Microsoft.Compute,virtualMachineScaleSets/publicIPAddresses,FALSE
Microsoft.Compute,virtualMachineScaleSets/virtualMachines,FALSE
Microsoft.Compute,virtualMachineScaleSets/virtualMachines/networkInterfaces,FALSE
Microsoft.Consumption,AggregatedCost,FALSE
Microsoft.Consumption,Balances,FALSE
Microsoft.Consumption,Budgets,FALSE
Microsoft.Consumption,Charges,FALSE
Microsoft.Consumption,CostTags,FALSE
Microsoft.Consumption,credits,FALSE
Microsoft.Consumption,events,FALSE
Microsoft.Consumption,Forecasts,FALSE
Microsoft.Consumption,lots,FALSE
Microsoft.Consumption,Marketplaces,FALSE
Microsoft.Consumption,Pricesheets,FALSE
Microsoft.Consumption,products,FALSE
Microsoft.Consumption,ReservationDetails,FALSE
Microsoft.Consumption,ReservationRecommendations,FALSE
Microsoft.Consumption,ReservationSummaries,FALSE
Microsoft.Consumption,ReservationTransactions,FALSE
Microsoft.Consumption,Tags,FALSE
Microsoft.Consumption,Terms,FALSE
Microsoft.Consumption,UsageDetails,FALSE
Microsoft.ContainerInstance,containerGroups,TRUE
Microsoft.ContainerInstance,serviceAssociationLinks,FALSE
Microsoft.ContainerRegistry,registries,TRUE
Microsoft.ContainerRegistry,registries/builds,FALSE
Microsoft.ContainerRegistry,registries/builds/cancel,FALSE
Microsoft.ContainerRegistry,registries/builds/getLogLink,FALSE
Microsoft.ContainerRegistry,registries/buildTasks,TRUE
Microsoft.ContainerRegistry,registries/buildTasks/steps,FALSE
Microsoft.ContainerRegistry,registries/eventGridFilters,FALSE
Microsoft.ContainerRegistry,registries/getBuildSourceUploadUrl,FALSE
Microsoft.ContainerRegistry,registries/GetCredentials,FALSE
Microsoft.ContainerRegistry,registries/importImage,FALSE
Microsoft.ContainerRegistry,registries/queueBuild,FALSE
Microsoft.ContainerRegistry,registries/regenerateCredential,FALSE
Microsoft.ContainerRegistry,registries/regenerateCredentials,FALSE
Microsoft.ContainerRegistry,registries/replications,TRUE
Microsoft.ContainerRegistry,registries/runs,FALSE
Microsoft.ContainerRegistry,registries/runs/cancel,FALSE
Microsoft.ContainerRegistry,registries/scheduleRun,FALSE
Microsoft.ContainerRegistry,registries/tasks,TRUE
Microsoft.ContainerRegistry,registries/updatePolicies,FALSE
Microsoft.ContainerRegistry,registries/webhooks,TRUE
Microsoft.ContainerRegistry,registries/webhooks/getCallbackConfig,FALSE
Microsoft.ContainerRegistry,registries/webhooks/ping,FALSE
Microsoft.ContainerService,containerServices,TRUE
Microsoft.ContainerService,managedClusters,TRUE
Microsoft.ContentModerator,applications,TRUE
Microsoft.ContentModerator,updateCommunicationPreference,FALSE
Microsoft.CortanaAnalytics,accounts,TRUE
Microsoft.CostManagement,Alerts,FALSE
Microsoft.CostManagement,BillingAccounts,FALSE
Microsoft.CostManagement,Connectors,TRUE
Microsoft.CostManagement,Departments,FALSE
Microsoft.CostManagement,Dimensions,FALSE
Microsoft.CostManagement,EnrollmentAccounts,FALSE
Microsoft.CostManagement,Query,FALSE
Microsoft.CostManagement,register,FALSE
Microsoft.CostManagement,Reportconfigs,FALSE
Microsoft.CostManagement,Reports,FALSE
Microsoft.CustomerInsights,hubs,TRUE
Microsoft.CustomerInsights,hubs/authorizationPolicies,FALSE
Microsoft.CustomerInsights,hubs/connectors,FALSE
Microsoft.CustomerInsights,hubs/connectors/mappings,FALSE
Microsoft.CustomerInsights,hubs/interactions,FALSE
Microsoft.CustomerInsights,hubs/kpi,FALSE
Microsoft.CustomerInsights,hubs/links,FALSE
Microsoft.CustomerInsights,hubs/profiles,FALSE
Microsoft.CustomerInsights,hubs/roleAssignments,FALSE
Microsoft.CustomerInsights,hubs/roles,FALSE
Microsoft.CustomerInsights,hubs/suggestTypeSchema,FALSE
Microsoft.CustomerInsights,hubs/views,FALSE
Microsoft.CustomerInsights,hubs/widgetTypes,FALSE
Microsoft.DataBox,jobs,TRUE
Microsoft.DataBoxEdge,DataBoxEdgeDevices,TRUE
Microsoft.Databricks,workspaces,TRUE
Microsoft.Databricks,workspaces/virtualNetworkPeerings,FALSE
Microsoft.DataCatalog,catalogs,TRUE
Microsoft.DataConnect,connectionManagers,TRUE
Microsoft.DataFactory,dataFactories,TRUE
Microsoft.DataFactory,dataFactories/diagnosticSettings,FALSE
Microsoft.DataFactory,dataFactorySchema,FALSE
Microsoft.DataFactory,factories,TRUE
Microsoft.DataFactory,factories/integrationRuntimes,FALSE
Microsoft.DataLakeAnalytics,accounts,TRUE
Microsoft.DataLakeAnalytics,accounts/dataLakeStoreAccounts,FALSE
Microsoft.DataLakeAnalytics,accounts/storageAccounts,FALSE
Microsoft.DataLakeAnalytics,accounts/storageAccounts/containers,FALSE
Microsoft.DataLakeStore,accounts,TRUE
Microsoft.DataLakeStore,accounts/eventGridFilters,FALSE
Microsoft.DataLakeStore,accounts/firewallRules,FALSE
Microsoft.DataMigration,services,TRUE
Microsoft.DataMigration,services/projects,TRUE
Microsoft.DBforMariaDB,servers,TRUE
Microsoft.DBforMariaDB,servers/recoverableServers,FALSE
Microsoft.DBforMariaDB,servers/virtualNetworkRules,FALSE
Microsoft.DBforMySQL,servers,TRUE
Microsoft.DBforMySQL,servers/recoverableServers,FALSE
Microsoft.DBforMySQL,servers/virtualNetworkRules,FALSE
Microsoft.DBforPostgreSQL,servers,TRUE
Microsoft.DBforPostgreSQL,servers/advisors,FALSE
Microsoft.DBforPostgreSQL,servers/queryTexts,FALSE
Microsoft.DBforPostgreSQL,servers/recoverableServers,FALSE
Microsoft.DBforPostgreSQL,servers/topQueryStatistics,FALSE
Microsoft.DBforPostgreSQL,servers/virtualNetworkRules,FALSE
Microsoft.DBforPostgreSQL,servers/waitStatistics,FALSE
Microsoft.Devices,IotHubs,TRUE
Microsoft.Devices,IotHubs/eventGridFilters,FALSE
Microsoft.Devices,ProvisioningServices,TRUE
Microsoft.Devices,usages,FALSE
Microsoft.DevSpaces,controllers,TRUE
Microsoft.DevTestLab,labs,TRUE
Microsoft.DevTestLab,labs/serviceRunners,TRUE
Microsoft.DevTestLab,labs/virtualMachines,TRUE
Microsoft.DevTestLab,schedules,TRUE
Microsoft.DocumentDB,databaseAccountNames,FALSE
Microsoft.DocumentDB,databaseAccounts,TRUE
Microsoft.DomainRegistration,domains,TRUE
Microsoft.DomainRegistration,domains/domainOwnershipIdentifiers,FALSE
Microsoft.DomainRegistration,generateSsoRequest,FALSE
Microsoft.DomainRegistration,topLevelDomains,FALSE
Microsoft.DomainRegistration,validateDomainRegistrationInformation,FALSE
Microsoft.DynamicsLcs,lcsprojects,FALSE
Microsoft.DynamicsLcs,lcsprojects/clouddeployments,FALSE
Microsoft.DynamicsLcs,lcsprojects/connectors,FALSE
Microsoft.EventGrid,domains,TRUE
Microsoft.EventGrid,domains/topics,FALSE
Microsoft.EventGrid,eventSubscriptions,FALSE
Microsoft.EventGrid,extensionTopics,FALSE
Microsoft.EventGrid,topics,TRUE
Microsoft.EventGrid,topicTypes,FALSE
Microsoft.EventHub,clusters,TRUE
Microsoft.EventHub,namespaces,TRUE
Microsoft.EventHub,namespaces/authorizationrules,FALSE
Microsoft.EventHub,namespaces/disasterrecoveryconfigs,FALSE
Microsoft.EventHub,namespaces/eventhubs,FALSE
Microsoft.EventHub,namespaces/eventhubs/authorizationrules,FALSE
Microsoft.EventHub,namespaces/eventhubs/consumergroups,FALSE
Microsoft.Features,features,FALSE
Microsoft.Features,providers,FALSE
Microsoft.Gallery,enroll,FALSE
Microsoft.Gallery,galleryitems,FALSE
Microsoft.Gallery,generateartifactaccessuri,FALSE
Microsoft.Gallery,myareas,FALSE
Microsoft.Gallery,myareas/areas,FALSE
Microsoft.Gallery,myareas/areas/areas,FALSE
Microsoft.Gallery,myareas/areas/areas/galleryitems,FALSE
Microsoft.Gallery,myareas/areas/galleryitems,FALSE
Microsoft.Gallery,myareas/galleryitems,FALSE
Microsoft.Gallery,register,FALSE
Microsoft.Gallery,resources,FALSE
Microsoft.Gallery,retrieveresourcesbyid,FALSE
Microsoft.GuestConfiguration,guestConfigurationAssignments,FALSE
Microsoft.GuestConfiguration,software,FALSE
Microsoft.HanaOnAzure,hanaInstances,TRUE
Microsoft.HDInsight,clusters,TRUE
Microsoft.HDInsight,clusters/applications,FALSE
Microsoft.ImportExport,jobs,TRUE
Microsoft.InformationProtection,labelGroups,FALSE
Microsoft.InformationProtection,labelGroups/labels,FALSE
Microsoft.InformationProtection,labelGroups/labels/conditions,FALSE
Microsoft.InformationProtection,labelGroups/labels/subLabels,FALSE
Microsoft.InformationProtection,labelGroups/labels/subLabels/conditions,FALSE
microsoft.insights,actiongroups,TRUE
microsoft.insights,activityLogAlerts,TRUE
microsoft.insights,alertrules,TRUE
microsoft.insights,automatedExportSettings,FALSE
microsoft.insights,autoscalesettings,TRUE
microsoft.insights,baseline,FALSE
microsoft.insights,calculatebaseline,FALSE
microsoft.insights,components,TRUE
microsoft.insights,components/events,FALSE
microsoft.insights,components/pricingPlans,FALSE
microsoft.insights,components/query,FALSE
microsoft.insights,diagnosticSettings,FALSE
microsoft.insights,diagnosticSettingsCategories,FALSE
microsoft.insights,eventCategories,FALSE
microsoft.insights,eventtypes,FALSE
microsoft.insights,extendedDiagnosticSettings,FALSE
microsoft.insights,logDefinitions,FALSE
microsoft.insights,logprofiles,FALSE
microsoft.insights,logs,FALSE
microsoft.insights,migrateToNewPricingModel,FALSE
microsoft.insights,myWorkbooks,FALSE
microsoft.insights,queries,FALSE
microsoft.insights,rollbackToLegacyPricingModel,FALSE
microsoft.insights,scheduledqueryrules,TRUE
microsoft.insights,vmInsightsOnboardingStatuses,FALSE
microsoft.insights,webtests,TRUE
microsoft.insights,workbooks,TRUE
Microsoft.Intune,diagnosticSettings,FALSE
Microsoft.Intune,diagnosticSettingsCategories,FALSE
Microsoft.IoTCentral,IoTApps,TRUE
Microsoft.IoTSpaces,Graph,TRUE
Microsoft.KeyVault,deletedVaults,FALSE
Microsoft.KeyVault,vaults,TRUE
Microsoft.KeyVault,vaults/accessPolicies,FALSE
Microsoft.KeyVault,vaults/secrets,FALSE
Microsoft.Kusto,clusters,TRUE
Microsoft.Kusto,clusters/databases,FALSE
Microsoft.Kusto,clusters/databases/dataconnections,FALSE
Microsoft.Kusto,clusters/databases/eventhubconnections,FALSE
Microsoft.LabServices,labaccounts,TRUE
Microsoft.LabServices,users,FALSE
Microsoft.LocationBasedServices,accounts,TRUE
Microsoft.LocationServices,accounts,TRUE
Microsoft.LogAnalytics,logs,FALSE
Microsoft.Logic,integrationAccounts,TRUE
Microsoft.Logic,workflows,TRUE
Microsoft.MachineLearning,commitmentPlans,TRUE
Microsoft.MachineLearning,webServices,TRUE
Microsoft.MachineLearning,Workspaces,TRUE
Microsoft.MachineLearningExperimentation,accounts,TRUE
Microsoft.MachineLearningExperimentation,accounts/workspaces,TRUE
Microsoft.MachineLearningExperimentation,accounts/workspaces/projects,TRUE
Microsoft.MachineLearningExperimentation,teamAccounts,TRUE
Microsoft.MachineLearningExperimentation,teamAccounts/workspaces,TRUE
Microsoft.MachineLearningExperimentation,teamAccounts/workspaces/projects,TRUE
Microsoft.MachineLearningModelManagement,accounts,TRUE
Microsoft.MachineLearningServices,workspaces,TRUE
Microsoft.MachineLearningServices,workspaces/computes,FALSE
Microsoft.ManagedIdentity,Identities,FALSE
Microsoft.ManagedIdentity,userAssignedIdentities,TRUE
Microsoft.Management,getEntities,FALSE
Microsoft.Management,managementGroups,FALSE
Microsoft.Management,resources,FALSE
Microsoft.Management,startTenantBackfill,FALSE
Microsoft.Management,tenantBackfillStatus,FALSE
Microsoft.Maps,accounts,TRUE
Microsoft.Maps,accounts/eventGridFilters,FALSE
Microsoft.Marketplace,offers,FALSE
Microsoft.Marketplace,offerTypes,FALSE
Microsoft.Marketplace,offerTypes/publishers,FALSE
Microsoft.Marketplace,offerTypes/publishers/offers,FALSE
Microsoft.Marketplace,offerTypes/publishers/offers/plans,FALSE
Microsoft.Marketplace,offerTypes/publishers/offers/plans/agreements,FALSE
Microsoft.Marketplace,offerTypes/publishers/offers/plans/configs,FALSE
Microsoft.Marketplace,offerTypes/publishers/offers/plans/configs/importImage,FALSE
Microsoft.Marketplace,privategalleryitems,FALSE
Microsoft.Marketplace,products,FALSE
Microsoft.MarketplaceApps,classicDevServices,TRUE
Microsoft.MarketplaceApps,updateCommunicationPreference,FALSE
Microsoft.MarketplaceOrdering,agreements,FALSE
Microsoft.MarketplaceOrdering,offertypes,FALSE
Microsoft.Media,mediaservices,TRUE
Microsoft.Media,mediaservices/accountFilters,FALSE
Microsoft.Media,mediaservices/assets,FALSE
Microsoft.Media,mediaservices/assets/assetFilters,FALSE
Microsoft.Media,mediaservices/contentKeyPolicies,FALSE
Microsoft.Media,mediaservices/eventGridFilters,FALSE
Microsoft.Media,mediaservices/liveEventOperations,FALSE
Microsoft.Media,mediaservices/liveEvents,TRUE
Microsoft.Media,mediaservices/liveEvents/liveOutputs,FALSE
Microsoft.Media,mediaservices/liveOutputOperations,FALSE
Microsoft.Media,mediaservices/streamingEndpointOperations,FALSE
Microsoft.Media,mediaservices/streamingEndpoints,TRUE
Microsoft.Media,mediaservices/streamingLocators,FALSE
Microsoft.Media,mediaservices/streamingPolicies,FALSE
Microsoft.Media,mediaservices/transforms,FALSE
Microsoft.Media,mediaservices/transforms/jobs,FALSE
Microsoft.Migrate,projects,TRUE
Microsoft.Network,applicationGateways,TRUE
Microsoft.Network,applicationSecurityGroups,TRUE
Microsoft.Network,azureFirewallFqdnTags,FALSE
Microsoft.Network,azureFirewalls,TRUE
Microsoft.Network,bgpServiceCommunities,FALSE
Microsoft.Network,connections,TRUE
Microsoft.Network,ddosCustomPolicies,TRUE
Microsoft.Network,ddosProtectionPlans,TRUE
Microsoft.Network,dnsOperationStatuses,FALSE
Microsoft.Network,dnszones,TRUE
Microsoft.Network,dnszones/A,FALSE
Microsoft.Network,dnszones/AAAA,FALSE
Microsoft.Network,dnszones/all,FALSE
Microsoft.Network,dnszones/CAA,FALSE
Microsoft.Network,dnszones/CNAME,FALSE
Microsoft.Network,dnszones/MX,FALSE
Microsoft.Network,dnszones/NS,FALSE
Microsoft.Network,dnszones/PTR,FALSE
Microsoft.Network,dnszones/recordsets,FALSE
Microsoft.Network,dnszones/SOA,FALSE
Microsoft.Network,dnszones/SRV,FALSE
Microsoft.Network,dnszones/TXT,FALSE
Microsoft.Network,expressRouteCircuits,TRUE
Microsoft.Network,expressRouteServiceProviders,FALSE
Microsoft.Network,frontdoors,TRUE
Microsoft.Network,frontdoorWebApplicationFirewallPolicies,TRUE
Microsoft.Network,getDnsResourceReference,FALSE
Microsoft.Network,interfaceEndpoints,TRUE
Microsoft.Network,internalNotify,FALSE
Microsoft.Network,loadBalancers,TRUE
Microsoft.Network,localNetworkGateways,TRUE
Microsoft.Network,natGateways,TRUE
Microsoft.Network,networkIntentPolicies,TRUE
Microsoft.Network,networkInterfaces,TRUE
Microsoft.Network,networkProfiles,TRUE
Microsoft.Network,networkSecurityGroups,TRUE
Microsoft.Network,networkWatchers,TRUE
Microsoft.Network,networkWatchers/connectionMonitors,TRUE
Microsoft.Network,networkWatchers/lenses,TRUE
Microsoft.Network,networkWatchers/pingMeshes,TRUE
Microsoft.Network,privateLinkServices,TRUE
Microsoft.Network,publicIPAddresses,TRUE
Microsoft.Network,publicIPPrefixes,TRUE
Microsoft.Network,routeFilters,TRUE
Microsoft.Network,routeTables,TRUE
Microsoft.Network,serviceEndpointPolicies,TRUE
Microsoft.Network,trafficManagerGeographicHierarchies,FALSE
Microsoft.Network,trafficmanagerprofiles,TRUE
Microsoft.Network,trafficmanagerprofiles/heatMaps,FALSE
Microsoft.Network,virtualHubs,TRUE
Microsoft.Network,virtualNetworkGateways,TRUE
Microsoft.Network,virtualNetworks,TRUE
Microsoft.Network,virtualNetworkTaps,TRUE
Microsoft.Network,virtualWans,TRUE
Microsoft.Network,vpnGateways,TRUE
Microsoft.Network,vpnSites,TRUE
Microsoft.Network,webApplicationFirewallPolicies,TRUE
Microsoft.NotificationHubs,namespaces,TRUE
Microsoft.NotificationHubs,namespaces/notificationHubs,TRUE
Microsoft.OperationalInsights,devices,FALSE
Microsoft.OperationalInsights,linkTargets,FALSE
Microsoft.OperationalInsights,storageInsightConfigs,FALSE
Microsoft.OperationalInsights,workspaces,TRUE
Microsoft.OperationalInsights,workspaces/dataSources,FALSE
Microsoft.OperationalInsights,workspaces/linkedServices,FALSE
Microsoft.OperationalInsights,workspaces/query,FALSE
Microsoft.OperationsManagement,managementassociations,FALSE
Microsoft.OperationsManagement,managementconfigurations,TRUE
Microsoft.OperationsManagement,solutions,TRUE
Microsoft.OperationsManagement,views,TRUE
Microsoft.PolicyInsights,policyEvents,FALSE
Microsoft.PolicyInsights,policyStates,FALSE
Microsoft.PolicyInsights,policyTrackedResources,FALSE
Microsoft.PolicyInsights,remediations,FALSE
Microsoft.Portal,consoles,FALSE
Microsoft.Portal,dashboards,TRUE
Microsoft.Portal,userSettings,FALSE
Microsoft.PowerBI,workspaceCollections,TRUE
Microsoft.PowerBIDedicated,capacities,TRUE
Microsoft.ProjectOxford,accounts,TRUE
Microsoft.RecoveryServices,backupProtectedItems,FALSE
Microsoft.RecoveryServices,vaults,TRUE
Microsoft.Relay,namespaces,TRUE
Microsoft.Relay,namespaces/authorizationrules,FALSE
Microsoft.Relay,namespaces/hybridconnections,FALSE
Microsoft.Relay,namespaces/hybridconnections/authorizationrules,FALSE
Microsoft.Relay,namespaces/wcfrelays,FALSE
Microsoft.Relay,namespaces/wcfrelays/authorizationrules,FALSE
Microsoft.ResourceGraph,resources,FALSE
Microsoft.ResourceGraph,subscriptionsStatus,FALSE
Microsoft.ResourceHealth,availabilityStatuses,FALSE
Microsoft.ResourceHealth,childAvailabilityStatuses,FALSE
Microsoft.ResourceHealth,childResources,FALSE
Microsoft.ResourceHealth,events,FALSE
Microsoft.ResourceHealth,impactedResources,FALSE
Microsoft.ResourceHealth,notifications,FALSE
Microsoft.Resources,deployments,FALSE
Microsoft.Resources,deployments/operations,FALSE
Microsoft.Resources,links,FALSE
Microsoft.Resources,notifyResourceJobs,FALSE
Microsoft.Resources,providers,FALSE
Microsoft.Resources,resourceGroups,FALSE
Microsoft.Resources,resources,FALSE
Microsoft.Resources,subscriptions,FALSE
Microsoft.Resources,subscriptions/providers,FALSE
Microsoft.Resources,subscriptions/resourceGroups,FALSE
Microsoft.Resources,subscriptions/resourcegroups/resources,FALSE
Microsoft.Resources,subscriptions/resources,FALSE
Microsoft.Resources,subscriptions/tagnames,FALSE
Microsoft.Resources,subscriptions/tagNames/tagValues,FALSE
Microsoft.Resources,tenants,FALSE
Microsoft.SaaS,applications,TRUE
Microsoft.SaaS,saasresources,FALSE
Microsoft.Scheduler,flows,TRUE
Microsoft.Scheduler,jobcollections,TRUE
Microsoft.Search,resourceHealthMetadata,FALSE
Microsoft.Search,searchServices,TRUE
Microsoft.Security,advancedThreatProtectionSettings,FALSE
Microsoft.Security,alerts,FALSE
Microsoft.Security,allowedConnections,FALSE
Microsoft.Security,appliances,FALSE
Microsoft.Security,applicationWhitelistings,FALSE
Microsoft.Security,AutoProvisioningSettings,FALSE
Microsoft.Security,Compliances,FALSE
Microsoft.Security,dataCollectionAgents,FALSE
Microsoft.Security,discoveredSecuritySolutions,FALSE
Microsoft.Security,externalSecuritySolutions,FALSE
Microsoft.Security,InformationProtectionPolicies,FALSE
Microsoft.Security,jitNetworkAccessPolicies,FALSE
Microsoft.Security,monitoring,FALSE
Microsoft.Security,monitoring/antimalware,FALSE
Microsoft.Security,monitoring/baseline,FALSE
Microsoft.Security,monitoring/patch,FALSE
Microsoft.Security,policies,FALSE
Microsoft.Security,pricings,FALSE
Microsoft.Security,securityContacts,FALSE
Microsoft.Security,securitySolutions,FALSE
Microsoft.Security,securitySolutionsReferenceData,FALSE
Microsoft.Security,securityStatus,FALSE
Microsoft.Security,securityStatus/endpoints,FALSE
Microsoft.Security,securityStatus/subnets,FALSE
Microsoft.Security,securityStatus/virtualMachines,FALSE
Microsoft.Security,securityStatuses,FALSE
Microsoft.Security,securityStatusesSummaries,FALSE
Microsoft.Security,settings,FALSE
Microsoft.Security,tasks,FALSE
Microsoft.Security,topologies,FALSE
Microsoft.Security,workspaceSettings,FALSE
Microsoft.SecurityGraph,diagnosticSettings,FALSE
Microsoft.SecurityGraph,diagnosticSettingsCategories,FALSE
Microsoft.ServiceBus,namespaces,TRUE
Microsoft.ServiceBus,namespaces/authorizationrules,FALSE
Microsoft.ServiceBus,namespaces/disasterrecoveryconfigs,FALSE
Microsoft.ServiceBus,namespaces/eventgridfilters,FALSE
Microsoft.ServiceBus,namespaces/queues,FALSE
Microsoft.ServiceBus,namespaces/queues/authorizationrules,FALSE
Microsoft.ServiceBus,namespaces/topics,FALSE
Microsoft.ServiceBus,namespaces/topics/authorizationrules,FALSE
Microsoft.ServiceBus,namespaces/topics/subscriptions,FALSE
Microsoft.ServiceBus,namespaces/topics/subscriptions/rules,FALSE
Microsoft.ServiceBus,premiumMessagingRegions,FALSE
Microsoft.ServiceFabric,clusters,TRUE
Microsoft.ServiceFabric,clusters/applications,FALSE
Microsoft.ServiceFabricMesh,applications,TRUE
Microsoft.ServiceFabricMesh,gateways,TRUE
Microsoft.ServiceFabricMesh,networks,TRUE
Microsoft.ServiceFabricMesh,secrets,TRUE
Microsoft.ServiceFabricMesh,volumes,TRUE
Microsoft.SignalRService,SignalR,TRUE
Microsoft.Solutions,applianceDefinitions,TRUE
Microsoft.Solutions,appliances,TRUE
Microsoft.Solutions,applicationDefinitions,TRUE
Microsoft.Solutions,applications,TRUE
Microsoft.Solutions,jitRequests,TRUE
Microsoft.SQL,managedInstances,TRUE
Microsoft.SQL,managedInstances/databases,TRUE
Microsoft.SQL,managedInstances/databases/backupShortTermRetentionPolicies,FALSE
Microsoft.SQL,managedInstances/databases/schemas/tables/columns/sensitivityLabels,FALSE
Microsoft.SQL,managedInstances/databases/vulnerabilityAssessments,FALSE
Microsoft.SQL,managedInstances/databases/vulnerabilityAssessments/rules/baselines,FALSE
Microsoft.SQL,managedInstances/encryptionProtector,FALSE
Microsoft.SQL,managedInstances/keys,FALSE
Microsoft.SQL,managedInstances/restorableDroppedDatabases/backupShortTermRetentionPolicies,FALSE
Microsoft.SQL,managedInstances/vulnerabilityAssessments,FALSE
Microsoft.SQL,servers,TRUE
Microsoft.SQL,servers/administrators,FALSE
Microsoft.SQL,servers/communicationLinks,FALSE
Microsoft.SQL,servers/databases,TRUE
Microsoft.SQL,servers/encryptionProtector,FALSE
Microsoft.SQL,servers/firewallRules,FALSE
Microsoft.SQL,servers/keys,FALSE
Microsoft.SQL,servers/restorableDroppedDatabases,FALSE
Microsoft.SQL,servers/serviceobjectives,FALSE
Microsoft.SQL,servers/tdeCertificates,FALSE
Microsoft.SqlVirtualMachine,SqlVirtualMachineGroups,TRUE
Microsoft.SqlVirtualMachine,SqlVirtualMachineGroups/AvailabilityGroupListeners,FALSE
Microsoft.SqlVirtualMachine,SqlVirtualMachines,TRUE
Microsoft.Storage,storageAccounts,TRUE
Microsoft.Storage,storageAccounts/blobServices,FALSE
Microsoft.Storage,storageAccounts/fileServices,FALSE
Microsoft.Storage,storageAccounts/queueServices,FALSE
Microsoft.Storage,storageAccounts/services,FALSE
Microsoft.Storage,storageAccounts/tableServices,FALSE
Microsoft.Storage,usages,FALSE
Microsoft.StorageSync,storageSyncServices,TRUE
Microsoft.StorageSync,storageSyncServices/registeredServers,FALSE
Microsoft.StorageSync,storageSyncServices/syncGroups,FALSE
Microsoft.StorageSync,storageSyncServices/syncGroups/cloudEndpoints,FALSE
Microsoft.StorageSync,storageSyncServices/syncGroups/serverEndpoints,FALSE
Microsoft.StorageSync,storageSyncServices/workflows,FALSE
Microsoft.StorSimple,managers,TRUE
Microsoft.StreamAnalytics,streamingjobs,TRUE
Microsoft.StreamAnalytics,streamingjobs/diagnosticSettings,FALSE
Microsoft.Subscription,CreateSubscription,FALSE
Microsoft.Subscription,SubscriptionDefinitions,FALSE
Microsoft.Subscription,SubscriptionOperations,FALSE
microsoft.support,supporttickets,FALSE
Microsoft.TerraformOSS,providerRegistrations,TRUE
Microsoft.TerraformOSS,resources,TRUE
Microsoft.TimeSeriesInsights,environments,TRUE
Microsoft.TimeSeriesInsights,environments/accessPolicies,FALSE
Microsoft.TimeSeriesInsights,environments/eventsources,TRUE
Microsoft.TimeSeriesInsights,environments/referenceDataSets,TRUE
microsoft.visualstudio,account,TRUE
microsoft.visualstudio,account/extension,TRUE
microsoft.visualstudio,account/project,TRUE
Microsoft.Web,apiManagementAccounts,FALSE
Microsoft.Web,apiManagementAccounts/apiAcls,FALSE
Microsoft.Web,apiManagementAccounts/apis,FALSE
Microsoft.Web,apiManagementAccounts/apis/apiAcls,FALSE
Microsoft.Web,apiManagementAccounts/apis/connectionAcls,FALSE
Microsoft.Web,apiManagementAccounts/apis/connections,FALSE
Microsoft.Web,apiManagementAccounts/apis/connections/connectionAcls,FALSE
Microsoft.Web,apiManagementAccounts/apis/localizedDefinitions,FALSE
Microsoft.Web,apiManagementAccounts/connectionAcls,FALSE
Microsoft.Web,apiManagementAccounts/connections,FALSE
Microsoft.Web,billingMeters,FALSE
Microsoft.Web,certificates,TRUE
Microsoft.Web,connectionGateways,TRUE
Microsoft.Web,connections,TRUE
Microsoft.Web,customApis,TRUE
Microsoft.Web,deletedSites,FALSE
Microsoft.Web,functions,FALSE
Microsoft.Web,hostingEnvironments,TRUE
Microsoft.Web,hostingEnvironments/multiRolePools,FALSE
Microsoft.Web,hostingEnvironments/multiRolePools/instances,FALSE
Microsoft.Web,hostingEnvironments/workerPools,FALSE
Microsoft.Web,hostingEnvironments/workerPools/instances,FALSE
Microsoft.Web,publishingUsers,FALSE
Microsoft.Web,recommendations,FALSE
Microsoft.Web,resourceHealthMetadata,FALSE
Microsoft.Web,runtimes,FALSE
Microsoft.Web,serverFarms,TRUE
Microsoft.Web,serverFarms/workers,FALSE
Microsoft.Web,sites,TRUE
Microsoft.Web,sites/domainOwnershipIdentifiers,FALSE
Microsoft.Web,sites/hostNameBindings,FALSE
Microsoft.Web,sites/instances,FALSE
Microsoft.Web,sites/instances/extensions,FALSE
Microsoft.Web,sites/premieraddons,TRUE
Microsoft.Web,sites/recommendations,FALSE
Microsoft.Web,sites/resourceHealthMetadata,FALSE
Microsoft.Web,sites/slots,TRUE
Microsoft.Web,sites/slots/hostNameBindings,FALSE
Microsoft.Web,sites/slots/instances,FALSE
Microsoft.Web,sites/slots/instances/extensions,FALSE
Microsoft.Web,sourceControls,FALSE
Microsoft.Web,validate,FALSE
Microsoft.Web,verifyHostingEnvironmentVnet,FALSE
Microsoft.WindowsDefenderATP,diagnosticSettings,FALSE
Microsoft.WindowsDefenderATP,diagnosticSettingsCategories,FALSE
Microsoft.WindowsIoT,DeviceServices,TRUE
Microsoft.WorkloadMonitor,components,FALSE
Microsoft.WorkloadMonitor,componentsSummary,FALSE
Microsoft.WorkloadMonitor,monitorInstances,FALSE
Microsoft.WorkloadMonitor,monitorInstancesSummary,FALSE
Microsoft.WorkloadMonitor,monitors,FALSE
Microsoft.WorkloadMonitor,notificationSettings,FALSE
